,gammaE,gammaN,gammaBW,repRate,laserWavelength,laserN,laserPulseEnergy,laserAvgPower,laserHarmonicEff,accElectronE,accAvgCurrent,accLength,accAvgPower,accPeakPower,accElectronN,accGrad,accShuntZ
0,5.0,1000000000000.0,0.001,1000.0,343.0,6.902518719120504e+20,1.0,1000.0,0.4,300.39162852816025,2.604034657414008,3.0039162852816026,127.11264937362147,216.3490623427073,16254897986354.607,100.0,160.0
1,5.0,1000000000000.0,0.001,1000.0,343.0,6.902518719120504e+20,1.0,1000.0,0.4,300.39162852816025,2.604034657414008,2.002610856854402,187.7812930117165,319.6086846492624,16254897986354.607,150.0,160.0
2,5.0,1000000000000.0,0.001,1000.0,343.0,6.902518719120504e+20,1.0,1000.0,0.4,300.39162852816025,2.604034657414008,3.0039162852816026,60.928674495699575,103.70220164464719,16254897986354.607,100.0,352.0
3,5.0,1000000000000.0,0.001,1000.0,343.0,6.902518719120504e+20,1.0,1000.0,0.4,300.39162852816025,2.604034657414008,2.002610856854402,88.5053306948337,150.63839360217224,16254897986354.607,150.0,352.0
4,5.0,1000000000000.0,0.001,1000.0,343.0,1.3805037438241009e+21,2.0,2000.0,0.4,300.39162852816025,1.302017328707004,3.0039162852816026,124.22496832490577,211.43415347790875,8127448993177.304,100.0,160.0
5,5.0,1000000000000.0,0.001,1000.0,343.0,1.3805037438241009e+21,2.0,2000.0,0.4,300.39162852816025,1.302017328707004,2.002610856854402,184.89361196300084,314.69377578446387,8127448993177.304,150.0,160.0
6,5.0,1000000000000.0,0.001,1000.0,343.0,1.3805037438241009e+21,2.0,2000.0,0.4,300.39162852816025,1.302017328707004,3.0039162852816026,58.0409934469839,98.78729277984864,8127448993177.304,100.0,352.0
7,5.0,1000000000000.0,0.001,1000.0,343.0,1.3805037438241009e+21,2.0,2000.0,0.4,300.39162852816025,1.302017328707004,2.002610856854402,85.61764964611802,145.7234847373737,8127448993177.304,150.0,352.0
8,5.0,1000000000000.0,0.001,1000.0,515.0,2.072768011864175e+21,1.0,1000.0,0.8,368.0818303391154,0.8671688228087424,3.6808183033911543,151.03604916957818,257.06731610745845,5413038843999.641,100.0,160.0
9,5.0,1000000000000.0,0.001,1000.0,515.0,2.072768011864175e+21,1.0,1000.0,0.8,368.0818303391154,0.8671688228087424,2.4538788689274362,225.37575531890627,383.59544528652935,5413038843999.641,150.0,160.0
10,5.0,1000000000000.0,0.001,1000.0,515.0,2.072768011864175e+21,1.0,1000.0,0.8,368.0818303391154,0.8671688228087424,3.6808183033911543,69.9381879157657,119.03662973029012,5413038843999.641,100.0,352.0
11,5.0,1000000000000.0,0.001,1000.0,515.0,2.072768011864175e+21,1.0,1000.0,0.8,368.0818303391154,0.8671688228087424,2.4538788689274362,103.72896343818756,176.54941572077692,5413038843999.641,150.0,352.0
12,5.0,1000000000000.0,0.001,1000.0,515.0,4.14553602372835e+21,2.0,2000.0,0.8,368.0818303391154,0.4335844114043712,3.6808183033911543,149.85773073411718,255.06178723280013,2706519421999.8203,100.0,160.0
13,5.0,1000000000000.0,0.001,1000.0,515.0,4.14553602372835e+21,2.0,2000.0,0.8,368.0818303391154,0.4335844114043712,2.4538788689274362,224.19743688344528,381.5899164118711,2706519421999.8203,150.0,160.0
14,5.0,1000000000000.0,0.001,1000.0,515.0,4.14553602372835e+21,2.0,2000.0,0.8,368.0818303391154,0.4335844114043712,3.6808183033911543,68.75986948030472,117.03110085563185,2706519421999.8203,100.0,352.0
15,5.0,1000000000000.0,0.001,1000.0,515.0,4.14553602372835e+21,2.0,2000.0,0.8,368.0818303391154,0.4335844114043712,2.4538788689274362,102.55064500272657,174.54388684611862,2706519421999.8203,150.0,352.0
16,5.0,10000000000000.0,0.001,1000.0,343.0,6.902518719120504e+20,1.0,1000.0,0.4,300.39162852816025,26.040346574140084,3.0039162852816026,179.09090825050365,304.81742190908125,162548979863546.1,100.0,160.0
17,5.0,10000000000000.0,0.001,1000.0,343.0,6.902518719120504e+20,1.0,1000.0,0.4,300.39162852816025,26.040346574140084,2.002610856854402,239.75955188859868,408.07704421563636,162548979863546.1,150.0,160.0
18,5.0,10000000000000.0,0.001,1000.0,343.0,6.902518719120504e+20,1.0,1000.0,0.4,300.39162852816025,26.040346574140084,3.0039162852816026,112.90693337258178,192.17056121102118,162548979863546.1,100.0,352.0
19,5.0,10000000000000.0,0.001,1000.0,343.0,6.902518719120504e+20,1.0,1000.0,0.4,300.39162852816025,26.040346574140084,2.002610856854402,140.4835895717159,239.10675316854622,162548979863546.1,150.0,352.0
20,5.0,10000000000000.0,0.001,1000.0,343.0,1.3805037438241009e+21,2.0,2000.0,0.4,300.39162852816025,13.020173287070042,3.0039162852816026,150.21409776334687,255.66833326109574,81274489931773.05,100.0,160.0
21,5.0,10000000000000.0,0.001,1000.0,343.0,1.3805037438241009e+21,2.0,2000.0,0.4,300.39162852816025,13.020173287070042,2.002610856854402,210.88274140144193,358.9279555676508,81274489931773.05,150.0,160.0
22,5.0,10000000000000.0,0.001,1000.0,343.0,1.3805037438241009e+21,2.0,2000.0,0.4,300.39162852816025,13.020173287070042,3.0039162852816026,84.03012288542502,143.02147256303564,81274489931773.05,100.0,352.0
23,5.0,10000000000000.0,0.001,1000.0,343.0,1.3805037438241009e+21,2.0,2000.0,0.4,300.39162852816025,13.020173287070042,2.002610856854402,111.60677908455911,189.95766452056068,81274489931773.05,150.0,352.0
24,5.0,10000000000000.0,0.001,1000.0,515.0,2.072768011864175e+21,1.0,1000.0,0.8,368.0818303391154,8.671688228087424,3.6808183033911543,172.245781007876,293.1668358513074,54130388439996.41,100.0,160.0
25,5.0,10000000000000.0,0.001,1000.0,515.0,2.072768011864175e+21,1.0,1000.0,0.8,368.0818303391154,8.671688228087424,2.4538788689274362,246.5854871572041,419.69496503037834,54130388439996.41,150.0,160.0
26,5.0,10000000000000.0,0.001,1000.0,515.0,2.072768011864175e+21,1.0,1000.0,0.8,368.0818303391154,8.671688228087424,3.6808183033911543,91.14791975406352,155.1361494741391,54130388439996.41,100.0,352.0
27,5.0,10000000000000.0,0.001,1000.0,515.0,2.072768011864175e+21,1.0,1000.0,0.8,368.0818303391154,8.671688228087424,2.4538788689274362,124.93869527648538,212.64893546462588,54130388439996.41,150.0,352.0
28,5.0,10000000000000.0,0.001,1000.0,515.0,4.14553602372835e+21,2.0,2000.0,0.8,368.0818303391154,4.335844114043712,3.6808183033911543,160.46259665326608,273.1115471047246,27065194219998.203,100.0,160.0
29,5.0,10000000000000.0,0.001,1000.0,515.0,4.14553602372835e+21,2.0,2000.0,0.8,368.0818303391154,4.335844114043712,2.4538788689274362,234.8023028025942,399.6396762837956,27065194219998.203,150.0,160.0
30,5.0,10000000000000.0,0.001,1000.0,515.0,4.14553602372835e+21,2.0,2000.0,0.8,368.0818303391154,4.335844114043712,3.6808183033911543,79.36473539945361,135.0808607275563,27065194219998.203,100.0,352.0
31,5.0,10000000000000.0,0.001,1000.0,515.0,4.14553602372835e+21,2.0,2000.0,0.8,368.0818303391154,4.335844114043712,2.4538788689274362,113.15551092187546,192.5936467180431,27065194219998.203,150.0,352.0
32,5.0,100000000000000.0,0.001,1000.0,343.0,6.902518719120504e+20,1.0,1000.0,0.4,300.39162852816025,260.40346574140085,3.0039162852816026,698.8734970193258,1189.5010175728214,1625489798635461.0,100.0,160.0
33,5.0,100000000000000.0,0.001,1000.0,343.0,6.902518719120504e+20,1.0,1000.0,0.4,300.39162852816025,260.40346574140085,2.002610856854402,759.5421406574208,1292.7606398793764,1625489798635461.0,150.0,160.0
34,5.0,100000000000000.0,0.001,1000.0,343.0,6.902518719120504e+20,1.0,1000.0,0.4,300.39162852816025,260.40346574140085,3.0039162852816026,632.6895221414038,1076.8541568747612,1625489798635461.0,100.0,352.0
35,5.0,100000000000000.0,0.001,1000.0,343.0,6.902518719120504e+20,1.0,1000.0,0.4,300.39162852816025,260.40346574140085,2.002610856854402,660.2661783405379,1123.790348832286,1625489798635461.0,150.0,352.0
36,5.0,100000000000000.0,0.001,1000.0,343.0,1.3805037438241009e+21,2.0,2000.0,0.4,300.39162852816025,130.20173287070043,3.0039162852816026,410.10539214775787,698.0101310929657,812744899317730.5,100.0,160.0
37,5.0,100000000000000.0,0.001,1000.0,343.0,1.3805037438241009e+21,2.0,2000.0,0.4,300.39162852816025,130.20173287070043,2.002610856854402,470.77403578585285,801.2697533995207,812744899317730.5,150.0,160.0
38,5.0,100000000000000.0,0.001,1000.0,343.0,1.3805037438241009e+21,2.0,2000.0,0.4,300.39162852816025,130.20173287070043,3.0039162852816026,343.921417269836,585.3632703949056,812744899317730.5,100.0,352.0
39,5.0,100000000000000.0,0.001,1000.0,343.0,1.3805037438241009e+21,2.0,2000.0,0.4,300.39162852816025,130.20173287070043,2.002610856854402,371.4980734689701,632.2994623524306,812744899317730.5,150.0,352.0
40,5.0,100000000000000.0,0.001,1000.0,515.0,2.072768011864175e+21,1.0,1000.0,0.8,368.0818303391154,86.71688228087426,3.6808183033911543,384.34309939085415,654.162033289797,541303884399964.1,100.0,160.0
41,5.0,100000000000000.0,0.001,1000.0,515.0,2.072768011864175e+21,1.0,1000.0,0.8,368.0818303391154,86.71688228087426,2.4538788689274362,458.6828055401823,780.690162468868,541303884399964.1,150.0,160.0
42,5.0,100000000000000.0,0.001,1000.0,515.0,2.072768011864175e+21,1.0,1000.0,0.8,368.0818303391154,86.71688228087426,3.6808183033911543,303.2452381370417,516.1313469126288,541303884399964.1,100.0,352.0
43,5.0,100000000000000.0,0.001,1000.0,515.0,2.072768011864175e+21,1.0,1000.0,0.8,368.0818303391154,86.71688228087426,2.4538788689274362,337.03601365946355,573.6441329031155,541303884399964.1,150.0,352.0
44,5.0,100000000000000.0,0.001,1000.0,515.0,4.14553602372835e+21,2.0,2000.0,0.8,368.0818303391154,43.35844114043713,3.6808183033911543,266.51125584475517,453.60914582396947,270651942199982.06,100.0,160.0
45,5.0,100000000000000.0,0.001,1000.0,515.0,4.14553602372835e+21,2.0,2000.0,0.8,368.0818303391154,43.35844114043713,2.4538788689274362,340.8509619940833,580.1372750030405,270651942199982.06,150.0,160.0
46,5.0,100000000000000.0,0.001,1000.0,515.0,4.14553602372835e+21,2.0,2000.0,0.8,368.0818303391154,43.35844114043713,3.6808183033911543,185.41339459094272,315.57845944680116,270651942199982.06,100.0,352.0
47,5.0,100000000000000.0,0.001,1000.0,515.0,4.14553602372835e+21,2.0,2000.0,0.8,368.0818303391154,43.35844114043713,2.4538788689274362,219.20417011336457,373.09124543728797,270651942199982.06,150.0,352.0
48,10.0,1000000000000.0,0.001,1000.0,343.0,6.902518719120504e+20,1.0,1000.0,0.4,424.8179150878649,2.604034657414008,4.248179150878649,179.76443269335135,305.9637781717589,16254897986354.607,100.0,160.0
49,10.0,1000000000000.0,0.001,1000.0,343.0,6.902518719120504e+20,1.0,1000.0,0.4,424.8179150878649,2.604034657414008,2.8321194339190994,265.56285133712555,451.9949364832125,16254897986354.607,150.0,160.0
50,10.0,1000000000000.0,0.001,1000.0,343.0,6.902518719120504e+20,1.0,1000.0,0.4,424.8179150878649,2.604034657414008,4.248179150878649,86.16615780923404,146.65706001380954,16254897986354.607,100.0,352.0
51,10.0,1000000000000.0,0.001,1000.0,343.0,6.902518719120504e+20,1.0,1000.0,0.4,424.8179150878649,2.604034657414008,2.8321194339190994,125.1654390109496,213.03485924628845,16254897986354.607,150.0,352.0
52,10.0,1000000000000.0,0.001,1000.0,343.0,1.3805037438241009e+21,2.0,2000.0,0.4,424.8179150878649,1.302017328707004,4.248179150878649,175.68063499044993,299.0130473973331,8127448993177.304,100.0,160.0
53,10.0,1000000000000.0,0.001,1000.0,343.0,1.3805037438241009e+21,2.0,2000.0,0.4,424.8179150878649,1.302017328707004,2.8321194339190994,261.4790536342241,445.04420570878665,8127448993177.304,150.0,160.0
54,10.0,1000000000000.0,0.001,1000.0,343.0,1.3805037438241009e+21,2.0,2000.0,0.4,424.8179150878649,1.302017328707004,4.248179150878649,82.08236010633257,139.70632923938368,8127448993177.304,100.0,352.0
55,10.0,1000000000000.0,0.001,1000.0,343.0,1.3805037438241009e+21,2.0,2000.0,0.4,424.8179150878649,1.302017328707004,2.8321194339190994,121.0816413080481,206.08412847186256,8127448993177.304,150.0,352.0
56,10.0,1000000000000.0,0.001,1000.0,515.0,2.072768011864175e+21,1.0,1000.0,0.8,520.5463165286895,0.8671688228087424,5.205463165286895,213.5972291428671,363.5480848820193,5413038843999.641,100.0,160.0
57,10.0,1000000000000.0,0.001,1000.0,515.0,2.072768011864175e+21,1.0,1000.0,0.8,520.5463165286895,0.8671688228087424,3.47030877685793,318.7294498020774,542.4858811887563,5413038843999.641,150.0,160.0
58,10.0,1000000000000.0,0.001,1000.0,515.0,2.072768011864175e+21,1.0,1000.0,0.8,520.5463165286895,0.8671688228087424,5.205463165286895,98.90753387827395,168.34321618376066,5413038843999.641,100.0,352.0
59,10.0,1000000000000.0,0.001,1000.0,515.0,2.072768011864175e+21,1.0,1000.0,0.8,520.5463165286895,0.8671688228087424,3.47030877685793,146.69490690518776,249.67857814136843,5413038843999.641,150.0,352.0
60,10.0,1000000000000.0,0.001,1000.0,515.0,4.14553602372835e+21,2.0,2000.0,0.8,520.5463165286895,0.4335844114043712,5.205463165286895,211.9308352306439,360.7118387477467,2706519421999.8203,100.0,160.0
61,10.0,1000000000000.0,0.001,1000.0,515.0,4.14553602372835e+21,2.0,2000.0,0.8,520.5463165286895,0.4335844114043712,3.47030877685793,317.06305588985424,539.6496350544837,2706519421999.8203,150.0,160.0
62,10.0,1000000000000.0,0.001,1000.0,515.0,4.14553602372835e+21,2.0,2000.0,0.8,520.5463165286895,0.4335844114043712,5.205463165286895,97.24113996605077,165.50697004948807,2706519421999.8203,100.0,352.0
63,10.0,1000000000000.0,0.001,1000.0,515.0,4.14553602372835e+21,2.0,2000.0,0.8,520.5463165286895,0.4335844114043712,3.47030877685793,145.02851299296458,246.84233200709582,2706519421999.8203,150.0,352.0
64,10.0,10000000000000.0,0.001,1000.0,343.0,6.902518719120504e+20,1.0,1000.0,0.4,424.8179150878649,26.040346574140084,4.248179150878649,253.2727913455779,431.0769321114246,162548979863546.1,100.0,160.0
65,10.0,10000000000000.0,0.001,1000.0,343.0,6.902518719120504e+20,1.0,1000.0,0.4,424.8179150878649,26.040346574140084,2.8321194339190994,339.0712099893521,577.1080904228781,162548979863546.1,150.0,160.0
66,10.0,10000000000000.0,0.001,1000.0,343.0,6.902518719120504e+20,1.0,1000.0,0.4,424.8179150878649,26.040346574140084,4.248179150878649,159.67451646146054,271.77021395347515,162548979863546.1,100.0,352.0
67,10.0,10000000000000.0,0.001,1000.0,343.0,6.902518719120504e+20,1.0,1000.0,0.4,424.8179150878649,26.040346574140084,2.8321194339190994,198.6737976631761,338.148013185954,162548979863546.1,150.0,352.0
68,10.0,10000000000000.0,0.001,1000.0,343.0,1.3805037438241009e+21,2.0,2000.0,0.4,424.8179150878649,13.020173287070042,4.248179150878649,212.43481431656318,361.5696243671659,81274489931773.05,100.0,160.0
69,10.0,10000000000000.0,0.001,1000.0,343.0,1.3805037438241009e+21,2.0,2000.0,0.4,424.8179150878649,13.020173287070042,2.8321194339190994,298.2332329603373,507.60078267861945,81274489931773.05,150.0,160.0
70,10.0,10000000000000.0,0.001,1000.0,343.0,1.3805037438241009e+21,2.0,2000.0,0.4,424.8179150878649,13.020173287070042,4.248179150878649,118.83653943244582,202.26290620921648,81274489931773.05,100.0,352.0
71,10.0,10000000000000.0,0.001,1000.0,343.0,1.3805037438241009e+21,2.0,2000.0,0.4,424.8179150878649,13.020173287070042,2.8321194339190994,157.83582063416137,268.6407054416954,81274489931773.05,150.0,352.0
72,10.0,10000000000000.0,0.001,1000.0,515.0,2.072768011864175e+21,1.0,1000.0,0.8,520.5463165286895,8.671688228087424,5.205463165286895,243.59231956288426,414.60051529892576,54130388439996.41,100.0,160.0
73,10.0,10000000000000.0,0.001,1000.0,515.0,2.072768011864175e+21,1.0,1000.0,0.8,520.5463165286895,8.671688228087424,3.47030877685793,348.7245402220947,593.5383116056629,54130388439996.41,150.0,160.0
74,10.0,10000000000000.0,0.001,1000.0,515.0,2.072768011864175e+21,1.0,1000.0,0.8,520.5463165286895,8.671688228087424,5.205463165286895,128.90262429829116,219.3956466006672,54130388439996.41,100.0,352.0
75,10.0,10000000000000.0,0.001,1000.0,515.0,2.072768011864175e+21,1.0,1000.0,0.8,520.5463165286895,8.671688228087424,3.47030877685793,176.68999732520496,300.73100855827494,54130388439996.41,150.0,352.0
76,10.0,10000000000000.0,0.001,1000.0,515.0,4.14553602372835e+21,2.0,2000.0,0.8,520.5463165286895,4.335844114043712,5.205463165286895,226.9283804406525,386.23805395619996,27065194219998.203,100.0,160.0
77,10.0,10000000000000.0,0.001,1000.0,515.0,4.14553602372835e+21,2.0,2000.0,0.8,520.5463165286895,4.335844114043712,3.47030877685793,332.0606010998629,565.175850262937,27065194219998.203,150.0,160.0
78,10.0,10000000000000.0,0.001,1000.0,515.0,4.14553602372835e+21,2.0,2000.0,0.8,520.5463165286895,4.335844114043712,5.205463165286895,112.23868517605936,191.0331852579413,27065194219998.203,100.0,352.0
79,10.0,10000000000000.0,0.001,1000.0,515.0,4.14553602372835e+21,2.0,2000.0,0.8,520.5463165286895,4.335844114043712,3.47030877685793,160.02605820297316,272.3685472155491,27065194219998.203,150.0,352.0
80,10.0,100000000000000.0,0.001,1000.0,343.0,6.902518719120504e+20,1.0,1000.0,0.4,424.8179150878649,260.40346574140085,4.248179150878649,988.3563778678428,1682.2084715080805,1625489798635461.0,100.0,160.0
81,10.0,100000000000000.0,0.001,1000.0,343.0,6.902518719120504e+20,1.0,1000.0,0.4,424.8179150878649,260.40346574140085,2.8321194339190994,1074.1547965116172,1828.2396298195342,1625489798635461.0,150.0,160.0
82,10.0,100000000000000.0,0.001,1000.0,343.0,6.902518719120504e+20,1.0,1000.0,0.4,424.8179150878649,260.40346574140085,4.248179150878649,894.7581029837257,1522.9017533501315,1625489798635461.0,100.0,352.0
83,10.0,100000000000000.0,0.001,1000.0,343.0,6.902518719120504e+20,1.0,1000.0,0.4,424.8179150878649,260.40346574140085,2.8321194339190994,933.7573841854411,1589.27955258261,1625489798635461.0,150.0,352.0
84,10.0,100000000000000.0,0.001,1000.0,343.0,1.3805037438241009e+21,2.0,2000.0,0.4,424.8179150878649,130.20173287070043,4.248179150878649,579.9766075776957,987.135394065494,812744899317730.5,100.0,160.0
85,10.0,100000000000000.0,0.001,1000.0,343.0,1.3805037438241009e+21,2.0,2000.0,0.4,424.8179150878649,130.20173287070043,2.8321194339190994,665.7750262214698,1133.1665523769473,812744899317730.5,150.0,160.0
86,10.0,100000000000000.0,0.001,1000.0,343.0,1.3805037438241009e+21,2.0,2000.0,0.4,424.8179150878649,130.20173287070043,4.248179150878649,486.37833269357833,827.8286759075445,812744899317730.5,100.0,352.0
87,10.0,100000000000000.0,0.001,1000.0,343.0,1.3805037438241009e+21,2.0,2000.0,0.4,424.8179150878649,130.20173287070043,2.8321194339190994,525.377613895294,894.2064751400235,812744899317730.5,150.0,352.0
88,10.0,100000000000000.0,0.001,1000.0,515.0,2.072768011864175e+21,1.0,1000.0,0.8,520.5463165286895,86.71688228087426,5.205463165286895,543.5432237630564,925.1248194679912,541303884399964.1,100.0,160.0
89,10.0,100000000000000.0,0.001,1000.0,515.0,2.072768011864175e+21,1.0,1000.0,0.8,520.5463165286895,86.71688228087426,3.47030877685793,648.6754444222668,1104.062615774728,541303884399964.1,150.0,160.0
90,10.0,100000000000000.0,0.001,1000.0,515.0,2.072768011864175e+21,1.0,1000.0,0.8,520.5463165286895,86.71688228087426,5.205463165286895,428.85352849846333,729.9199507697325,541303884399964.1,100.0,352.0
91,10.0,100000000000000.0,0.001,1000.0,515.0,2.072768011864175e+21,1.0,1000.0,0.8,520.5463165286895,86.71688228087426,3.47030877685793,476.64090152537716,811.2553127273403,541303884399964.1,150.0,352.0
92,10.0,100000000000000.0,0.001,1000.0,515.0,4.14553602372835e+21,2.0,2000.0,0.8,520.5463165286895,43.35844114043713,5.205463165286895,376.9038325407386,641.5002060407327,270651942199982.06,100.0,160.0
93,10.0,100000000000000.0,0.001,1000.0,515.0,4.14553602372835e+21,2.0,2000.0,0.8,520.5463165286895,43.35844114043713,3.47030877685793,482.036053199949,820.4380023474697,270651942199982.06,150.0,160.0
94,10.0,100000000000000.0,0.001,1000.0,515.0,4.14553602372835e+21,2.0,2000.0,0.8,520.5463165286895,43.35844114043713,5.205463165286895,262.21413727614544,446.295337342474,270651942199982.06,100.0,352.0
95,10.0,100000000000000.0,0.001,1000.0,515.0,4.14553602372835e+21,2.0,2000.0,0.8,520.5463165286895,43.35844114043713,3.47030877685793,310.00151030305926,527.6306993000818,270651942199982.06,150.0,352.0
96,20.0,1000000000000.0,0.001,1000.0,343.0,6.902518719120504e+20,1.0,1000.0,0.4,600.7832570563205,2.604034657414008,6.007832570563205,254.22529874724293,432.6981246854146,16254897986354.607,100.0,160.0
97,20.0,1000000000000.0,0.001,1000.0,343.0,6.902518719120504e+20,1.0,1000.0,0.4,600.7832570563205,2.604034657414008,4.005221713708804,375.562586023433,639.2173692985248,16254897986354.607,150.0,160.0
98,20.0,1000000000000.0,0.001,1000.0,343.0,6.902518719120504e+20,1.0,1000.0,0.4,600.7832570563205,2.604034657414008,6.007832570563205,121.85734899139915,207.40440328929438,16254897986354.607,100.0,352.0
99,20.0,1000000000000.0,0.001,1000.0,343.0,6.902518719120504e+20,1.0,1000.0,0.4,600.7832570563205,2.604034657414008,4.005221713708804,177.0106613896674,301.2767872043445,16254897986354.607,150.0,352.0
100,20.0,1000000000000.0,0.001,1000.0,343.0,1.3805037438241009e+21,2.0,2000.0,0.4,600.7832570563205,1.302017328707004,6.007832570563205,248.44993664981155,422.8683069558175,8127448993177.304,100.0,160.0
101,20.0,1000000000000.0,0.001,1000.0,343.0,1.3805037438241009e+21,2.0,2000.0,0.4,600.7832570563205,1.302017328707004,4.005221713708804,369.7872239260017,629.3875515689277,8127448993177.304,150.0,160.0
102,20.0,1000000000000.0,0.001,1000.0,343.0,1.3805037438241009e+21,2.0,2000.0,0.4,600.7832570563205,1.302017328707004,6.007832570563205,116.0819868939678,197.57458555969728,8127448993177.304,100.0,352.0
103,20.0,1000000000000.0,0.001,1000.0,343.0,1.3805037438241009e+21,2.0,2000.0,0.4,600.7832570563205,1.302017328707004,4.005221713708804,171.23529929223605,291.4469694747474,8127448993177.304,150.0,352.0
104,20.0,1000000000000.0,0.001,1000.0,515.0,2.072768011864175e+21,1.0,1000.0,0.8,736.1636606782308,0.8671688228087424,7.361636606782309,302.07209833915635,514.1346322149169,5413038843999.641,100.0,160.0
105,20.0,1000000000000.0,0.001,1000.0,515.0,2.072768011864175e+21,1.0,1000.0,0.8,736.1636606782308,0.8671688228087424,4.9077577378548725,450.75151063781254,767.1908905730587,5413038843999.641,150.0,160.0
106,20.0,1000000000000.0,0.001,1000.0,515.0,2.072768011864175e+21,1.0,1000.0,0.8,736.1636606782308,0.8671688228087424,7.361636606782309,139.8763758315314,238.07325946058023,5413038843999.641,100.0,352.0
107,20.0,1000000000000.0,0.001,1000.0,515.0,2.072768011864175e+21,1.0,1000.0,0.8,736.1636606782308,0.8671688228087424,4.9077577378548725,207.45792687637513,353.09883144155384,5413038843999.641,150.0,352.0
108,20.0,1000000000000.0,0.001,1000.0,515.0,4.14553602372835e+21,2.0,2000.0,0.8,736.1636606782308,0.4335844114043712,7.361636606782309,299.71546146823437,510.12357446560026,2706519421999.8203,100.0,160.0
109,20.0,1000000000000.0,0.001,1000.0,515.0,4.14553602372835e+21,2.0,2000.0,0.8,736.1636606782308,0.4335844114043712,4.9077577378548725,448.39487376689056,763.1798328237422,2706519421999.8203,150.0,160.0
110,20.0,1000000000000.0,0.001,1000.0,515.0,4.14553602372835e+21,2.0,2000.0,0.8,736.1636606782308,0.4335844114043712,7.361636606782309,137.51973896060943,234.0622017112637,2706519421999.8203,100.0,352.0
111,20.0,1000000000000.0,0.001,1000.0,515.0,4.14553602372835e+21,2.0,2000.0,0.8,736.1636606782308,0.4335844114043712,4.9077577378548725,205.10129000545314,349.08777369223725,2706519421999.8203,150.0,352.0
112,20.0,10000000000000.0,0.001,1000.0,343.0,6.902518719120504e+20,1.0,1000.0,0.4,600.7832570563205,26.040346574140084,6.007832570563205,358.1818165010073,609.6348438181625,162548979863546.1,100.0,160.0
113,20.0,10000000000000.0,0.001,1000.0,343.0,6.902518719120504e+20,1.0,1000.0,0.4,600.7832570563205,26.040346574140084,4.005221713708804,479.51910377719736,816.1540884312727,162548979863546.1,150.0,160.0
114,20.0,10000000000000.0,0.001,1000.0,343.0,6.902518719120504e+20,1.0,1000.0,0.4,600.7832570563205,26.040346574140084,6.007832570563205,225.81386674516355,384.34112242204236,162548979863546.1,100.0,352.0
115,20.0,10000000000000.0,0.001,1000.0,343.0,6.902518719120504e+20,1.0,1000.0,0.4,600.7832570563205,26.040346574140084,4.005221713708804,280.9671791434318,478.21350633709244,162548979863546.1,150.0,352.0
116,20.0,10000000000000.0,0.001,1000.0,343.0,1.3805037438241009e+21,2.0,2000.0,0.4,600.7832570563205,13.020173287070042,6.007832570563205,300.42819552669374,511.3366665221915,81274489931773.05,100.0,160.0
117,20.0,10000000000000.0,0.001,1000.0,343.0,1.3805037438241009e+21,2.0,2000.0,0.4,600.7832570563205,13.020173287070042,4.005221713708804,421.76548280288387,717.8559111353017,81274489931773.05,150.0,160.0
118,20.0,10000000000000.0,0.001,1000.0,343.0,1.3805037438241009e+21,2.0,2000.0,0.4,600.7832570563205,13.020173287070042,6.007832570563205,168.06024577085003,286.0429451260713,81274489931773.05,100.0,352.0
119,20.0,10000000000000.0,0.001,1000.0,343.0,1.3805037438241009e+21,2.0,2000.0,0.4,600.7832570563205,13.020173287070042,4.005221713708804,223.21355816911822,379.91532904112137,81274489931773.05,150.0,352.0
120,20.0,10000000000000.0,0.001,1000.0,515.0,2.072768011864175e+21,1.0,1000.0,0.8,736.1636606782308,8.671688228087424,7.361636606782309,344.491562015752,586.3336717026148,54130388439996.41,100.0,160.0
121,20.0,10000000000000.0,0.001,1000.0,515.0,2.072768011864175e+21,1.0,1000.0,0.8,736.1636606782308,8.671688228087424,4.9077577378548725,493.1709743144082,839.3899300607567,54130388439996.41,150.0,160.0
122,20.0,10000000000000.0,0.001,1000.0,515.0,2.072768011864175e+21,1.0,1000.0,0.8,736.1636606782308,8.671688228087424,7.361636606782309,182.29583950812705,310.2722989482782,54130388439996.41,100.0,352.0
123,20.0,10000000000000.0,0.001,1000.0,515.0,2.072768011864175e+21,1.0,1000.0,0.8,736.1636606782308,8.671688228087424,4.9077577378548725,249.87739055297075,425.29787092925176,54130388439996.41,150.0,352.0
124,20.0,10000000000000.0,0.001,1000.0,515.0,4.14553602372835e+21,2.0,2000.0,0.8,736.1636606782308,4.335844114043712,7.361636606782309,320.92519330653215,546.2230942094492,27065194219998.203,100.0,160.0
125,20.0,10000000000000.0,0.001,1000.0,515.0,4.14553602372835e+21,2.0,2000.0,0.8,736.1636606782308,4.335844114043712,4.9077577378548725,469.6046056051884,799.2793525675912,27065194219998.203,150.0,160.0
126,20.0,10000000000000.0,0.001,1000.0,515.0,4.14553602372835e+21,2.0,2000.0,0.8,736.1636606782308,4.335844114043712,7.361636606782309,158.72947079890722,270.1617214551126,27065194219998.203,100.0,352.0
127,20.0,10000000000000.0,0.001,1000.0,515.0,4.14553602372835e+21,2.0,2000.0,0.8,736.1636606782308,4.335844114043712,4.9077577378548725,226.31102184375092,385.1872934360862,27065194219998.203,150.0,352.0
128,20.0,100000000000000.0,0.001,1000.0,343.0,6.902518719120504e+20,1.0,1000.0,0.4,600.7832570563205,260.40346574140085,6.007832570563205,1397.7469940386516,2379.002035145643,1625489798635461.0,100.0,160.0
129,20.0,100000000000000.0,0.001,1000.0,343.0,6.902518719120504e+20,1.0,1000.0,0.4,600.7832570563205,260.40346574140085,4.005221713708804,1519.0842813148415,2585.521279758753,1625489798635461.0,150.0,160.0
130,20.0,100000000000000.0,0.001,1000.0,343.0,6.902518719120504e+20,1.0,1000.0,0.4,600.7832570563205,260.40346574140085,6.007832570563205,1265.3790442828076,2153.7083137495224,1625489798635461.0,100.0,352.0
131,20.0,100000000000000.0,0.001,1000.0,343.0,6.902518719120504e+20,1.0,1000.0,0.4,600.7832570563205,260.40346574140085,4.005221713708804,1320.5323566810757,2247.580697664572,1625489798635461.0,150.0,352.0
132,20.0,100000000000000.0,0.001,1000.0,343.0,1.3805037438241009e+21,2.0,2000.0,0.4,600.7832570563205,130.20173287070043,6.007832570563205,820.2107842955157,1396.0202621859314,812744899317730.5,100.0,160.0
133,20.0,100000000000000.0,0.001,1000.0,343.0,1.3805037438241009e+21,2.0,2000.0,0.4,600.7832570563205,130.20173287070043,4.005221713708804,941.5480715717057,1602.5395067990414,812744899317730.5,150.0,160.0
134,20.0,100000000000000.0,0.001,1000.0,343.0,1.3805037438241009e+21,2.0,2000.0,0.4,600.7832570563205,130.20173287070043,6.007832570563205,687.842834539672,1170.7265407898112,812744899317730.5,100.0,352.0
135,20.0,100000000000000.0,0.001,1000.0,343.0,1.3805037438241009e+21,2.0,2000.0,0.4,600.7832570563205,130.20173287070043,4.005221713708804,742.9961469379402,1264.5989247048612,812744899317730.5,150.0,352.0
136,20.0,100000000000000.0,0.001,1000.0,515.0,2.072768011864175e+21,1.0,1000.0,0.8,736.1636606782308,86.71688228087426,7.361636606782309,768.6861987817083,1308.324066579594,541303884399964.1,100.0,160.0
137,20.0,100000000000000.0,0.001,1000.0,515.0,2.072768011864175e+21,1.0,1000.0,0.8,736.1636606782308,86.71688228087426,4.9077577378548725,917.3656110803646,1561.380324937736,541303884399964.1,150.0,160.0
138,20.0,100000000000000.0,0.001,1000.0,515.0,2.072768011864175e+21,1.0,1000.0,0.8,736.1636606782308,86.71688228087426,7.361636606782309,606.4904762740834,1032.2626938252577,541303884399964.1,100.0,352.0
139,20.0,100000000000000.0,0.001,1000.0,515.0,2.072768011864175e+21,1.0,1000.0,0.8,736.1636606782308,86.71688228087426,4.9077577378548725,674.0720273189271,1147.288265806231,541303884399964.1,150.0,352.0
140,20.0,100000000000000.0,0.001,1000.0,515.0,4.14553602372835e+21,2.0,2000.0,0.8,736.1636606782308,43.35844114043713,7.361636606782309,533.0225116895103,907.2182916479389,270651942199982.06,100.0,160.0
141,20.0,100000000000000.0,0.001,1000.0,515.0,4.14553602372835e+21,2.0,2000.0,0.8,736.1636606782308,43.35844114043713,4.9077577378548725,681.7019239881666,1160.274550006081,270651942199982.06,150.0,160.0
142,20.0,100000000000000.0,0.001,1000.0,515.0,4.14553602372835e+21,2.0,2000.0,0.8,736.1636606782308,43.35844114043713,7.361636606782309,370.82678918188543,631.1569188936023,270651942199982.06,100.0,352.0
143,20.0,100000000000000.0,0.001,1000.0,515.0,4.14553602372835e+21,2.0,2000.0,0.8,736.1636606782308,43.35844114043713,4.9077577378548725,438.40834022672914,746.1824908745759,270651942199982.06,150.0,352.0
